{
  "id": "nice-more-dice",
  "name": "nice-more-dice",
  "title": "Nice More Dice",
  "description": "Adds a bunch of dice textures and dice faces to DsN.",
  "version": "1.13.0",
  "author": "ErebusNacht",
  "authors": [
    {
      "name": "ErebusNacht"
    }
  ],
  "scripts": ["scripts/nice-more-dice.json"],
  "url": "https://github.com/LyncsCwtsh/fvtt-module-Nice-more-Dice",
  "manifest": "https://raw.githubusercontent.com/ErebusNacht/fvtt-module-nice-more-dice/main/nice-more-dice/module.json",
  "download": "https://raw.githubusercontent.com/ErebusNacht/fvtt-module-nice-more-dice/main/module.zip",
  "compatibility": {
    "minimum": "12",
    "verified": "12.343",
    "maximum": "13"
  }
}